"","X","brev_id","length","ka","ks","omega"
"49",49,"../alignments/dep00352",156,0,0.185904793490771,0
"55",55,"../alignments/dep00388",189,0.00638413602655461,0.197419140275385,0.0323379790715794
"86",86,"../alignments/dep00673",204,0,0.116119096450187,0
"128",128,"../alignments/dep01075",450,0.00499060615311387,1.22310263388341,0.00408028403738162
"297",297,"../alignments/dep02853",465,0.0926543570321183,0.274025485576274,0.338123137843426
"338",338,"../alignments/dep03267",219,0.075752041397901,0.385070618853809,0.196722465150373
"725",725,"../alignments/dep08529",153,0.0115612087104271,0.150139576213145,0.0770030727542102
